state,poll_type,sample_size,demographic,percentage,clinton,trump,other1,other2,other3
CO,Gender,1335,Male,49%,41%,49%,7%,1%,2%
CO,Gender,1335,Female,51%,55%,39%,3%,1%,2%
CO,Age,1335,18-29,19%,50%,36%,11%,1%,2%
CO,Age,1335,30-44,26%,46%,45%,5%,2%,2%
CO,Age,1335,45-64,38%,49%,45%,3%,1%,2%
CO,Age,1335,65 and older,17%,49%,48%,1%,0%,2%
CO,Age,1335,18-24,11%,N/A,N/A,N/A,N/A,N/A
CO,Age,1335,25-29,8%,N/A,N/A,N/A,N/A,N/A
CO,Age,1335,30-39,17%,48%,42%,7%,2%,1%
CO,Age,1335,40-49,19%,43%,50%,3%,1%,3%
CO,Age,1335,50-64,29%,51%,43%,3%,2%,1%
CO,Age,1335,65 and older,17%,49%,48%,1%,0%,2%
CO,Age,1335,18-44,45%,48%,41%,8%,1%,2%
CO,Age,1335,45 and older,55%,49%,46%,2%,1%,2%
CO,Race,1335,White,78%,45%,47%,5%,1%,2%
CO,Race,1335,Black,4%,N/A,N/A,N/A,N/A,N/A
CO,Race,1335,Latino,12%,67%,30%,2%,0%,1%
CO,Race,1335,Asian,3%,N/A,N/A,N/A,N/A,N/A
CO,Race,1335,Other race,4%,N/A,N/A,N/A,N/A,N/A
CO,Race,1335,White,78%,45%,47%,5%,1%,2%
CO,Race,1335,Non-white,22%,62%,31%,3%,1%,3%
CO,Race and gender,1335,White men,38%,38%,50%,8%,1%,3%
CO,Race and gender,1335,White women,40%,50%,44%,3%,2%,1%
CO,Race and gender,1335,Black men,2%,N/A,N/A,N/A,N/A,N/A
CO,Race and gender,1335,Black women,2%,N/A,N/A,N/A,N/A,N/A
CO,Race and gender,1335,Latino men,6%,N/A,N/A,N/A,N/A,N/A
CO,Race and gender,1335,Latino women,5%,N/A,N/A,N/A,N/A,N/A
CO,Race and gender,1335,Others,7%,N/A,N/A,N/A,N/A,N/A
CO,Education,1335,High school or less,19%,40%,51%,5%,1%,3%
CO,Education,1335,Some college,27%,43%,49%,4%,1%,3%
CO,Education,1335,College graduate,34%,48%,43%,6%,1%,2%
CO,Education,1335,Postgraduate,20%,64%,30%,4%,1%,1%
CO,Are you a college graduate?,1335,Yes,54%,54%,38%,5%,1%,2%
CO,Are you a college graduate?,1335,No,46%,42%,50%,5%,1%,2%
CO,Education and race,1335,White college graduates,45%,53%,39%,5%,1%,2%
CO,Education and race,1335,Whites no degree,33%,34%,58%,6%,1%,1%
CO,Education and race,1335,Non-whites college grads,10%,61%,34%,5%,0%,N/A
CO,Education and race,1335,Non-whites no degree,12%,62%,29%,2%,1%,6%
CO,Education among whites by sex,1335,White college-grad women,23%,58%,37%,2%,2%,1%
CO,Education among whites by sex,1335,White non-college women,18%,40%,53%,3%,1%,3%
CO,Education among whites by sex,1335,White college-grad men,22%,47%,41%,8%,1%,3%
CO,Education among whites by sex,1335,White non-college men,16%,26%,63%,8%,1%,2%
CO,Education among whites by sex,1335,Non-whites,22%,61%,31%,3%,1%,4%
CO,Income,1335,"Under $30,000",13%,44%,38%,8%,3%,7%
CO,Income,1335,"$30K-$49,999",22%,46%,43%,6%,2%,3%
CO,Income,1335,"$50K-$99,999",32%,52%,44%,3%,1%,N/A
CO,Income,1335,"$100K-$199,999",23%,49%,42%,7%,1%,1%
CO,Income,1335,"$200K-$249,999",4%,N/A,N/A,N/A,N/A,N/A
CO,Income,1335,"$250,000 or more",6%,N/A,N/A,N/A,N/A,N/A
CO,Income,1335,Under $50K,36%,46%,41%,7%,2%,4%
CO,Income,1335,$50K-$100K,32%,52%,44%,3%,1%,N/A
CO,Income,1335,$100K or more,33%,51%,41%,6%,1%,1%
CO,Income,1335,Under $50K,36%,46%,41%,7%,2%,4%
CO,Income,1335,$50K or more,64%,52%,42%,4%,1%,1%
CO,Income,1335,Under $100K,67%,49%,42%,5%,2%,2%
CO,Income,1335,$100K or more,33%,51%,41%,6%,1%,1%
CO,Party ID,1335,Democrats,32%,87%,9%,1%,0%,3%
CO,Party ID,1335,Republicans,24%,8%,88%,3%,0%,1%
CO,Party ID,1335,Independents,43%,42%,45%,9%,2%,2%
CO,Party by gender,1335,Democratic men,12%,82%,12%,2%,1%,3%
CO,Party by gender,1335,Democratic women,20%,91%,7%,1%,0%,1%
CO,Party by gender,1335,Republican men,12%,11%,84%,5%,N/A,N/A
CO,Party by gender,1335,Republican women,12%,6%,92%,1%,1%,N/A
CO,Party by gender,1335,Independent men,25%,36%,50%,11%,2%,1%
CO,Party by gender,1335,Independent women,18%,49%,39%,6%,3%,3%
CO,Ideology,1335,Liberal,28%,85%,10%,3%,2%,N/A
CO,Ideology,1335,Moderate,37%,53%,36%,7%,2%,2%
CO,Ideology,1335,Conservative,35%,16%,80%,3%,0%,1%
CO,When did you decide presidential vote?,1335,Last few days,N/A,N/A,N/A,N/A,N/A,N/A
CO,When did you decide presidential vote?,1335,Last week,6%,N/A,N/A,N/A,N/A,N/A
CO,When did you decide presidential vote?,1335,In October,17%,35%,50%,8%,3%,4%
CO,When did you decide presidential vote?,1335,In September,12%,42%,48%,7%,2%,1%
CO,When did you decide presidential vote?,1335,Before September,63%,54%,41%,3%,1%,1%
CO,When did you decide presidential vote?,1335,In the last week,6%,N/A,N/A,N/A,N/A,N/A
CO,When did you decide presidential vote?,1335,Before that,91%,49%,43%,5%,1%,2%
CO,When did you decide presidential vote?,1335,In the last month,22%,37%,48%,9%,2%,4%
CO,When did you decide presidential vote?,1335,Before that,75%,52%,42%,4%,1%,1%
CO,Opinion of presidential candidate you voted for,1335,Strongly favor ,38%,57%,38%,2%,2%,1%
CO,Opinion of presidential candidate you voted for,1335,Have reservations,25%,46%,42%,9%,0%,3%
CO,Opinion of presidential candidate you voted for,1335,Dislike opponents,35%,41%,51%,4%,1%,3%
CO,Most important issue facing the country,1335,Foreign policy,17%,61%,30%,7%,1%,1%
CO,Most important issue facing the country,1335,Immigration,11%,37%,59%,2%,2%,N/A
CO,Most important issue facing the country,1335,Economy,54%,53%,38%,6%,1%,2%
CO,Most important issue facing the country,1335,Terrorism,14%,30%,67%,1%,N/A,2%
CO,Which candidate quality mattered most?,1335,Cares about me,13%,49%,44%,3%,3%,1%
CO,Which candidate quality mattered most?,1335,Can bring change,29%,5%,88%,4%,1%,2%
CO,Which candidate quality mattered most?,1335,Right experience,27%,88%,8%,4%,N/A,N/A
CO,Which candidate quality mattered most?,1335,Good judgment,28%,56%,32%,8%,2%,2%
CO,Illegal immigrants working in the U.S. should be:,1335,Offered legal status,78%,58%,34%,6%,1%,1%
CO,Illegal immigrants working in the U.S. should be:,1335,Deported to home country,16%,13%,83%,1%,N/A,3%
CO,View of U.S. wall along the entire Mexican border,1335,Support,38%,9%,89%,2%,0%,N/A
CO,View of U.S. wall along the entire Mexican border,1335,Oppose,59%,75%,14%,7%,2%,2%
CO,Do you think immigrants to the U.S. today:,1335,Help the country,64%,67%,25%,6%,1%,1%
CO,Do you think immigrants to the U.S. today:,1335,Hurt the country,24%,12%,81%,2%,1%,4%
CO,How do things work in the U.S. today?,1335,Whites are favored,34%,82%,10%,5%,2%,1%
CO,How do things work in the U.S. today?,1335,Minorities are favored,20%,12%,83%,4%,0%,1%
CO,How do things work in the U.S. today?,1335,No group is favored,39%,39%,51%,5%,1%,4%
CO,Feelings about the federal government,1335,Enthusiastic,4%,N/A,N/A,N/A,N/A,N/A
CO,Feelings about the federal government,1335,Satisfied,25%,85%,13%,2%,N/A,N/A
CO,Feelings about the federal government,1335,Dissatisfied,37%,44%,46%,6%,2%,2%
CO,Feelings about the federal government,1335,Angry,32%,20%,70%,7%,2%,1%
CO,Feelings about the federal government,1335,Enthusiastic/Satisfied,29%,85%,12%,1%,N/A,2%
CO,Feelings about the federal government,1335,Dissatisfied/Angry,70%,33%,57%,6%,2%,2%
CO,Opinion of Barack Obama as president,1335,Strongly approve,35%,95%,2%,1%,0%,2%
CO,Opinion of Barack Obama as president,1335,Somewhat approve,19%,66%,15%,11%,3%,5%
CO,Opinion of Barack Obama as president,1335,Somewhat disapprove,9%,12%,68%,14%,5%,1%
CO,Opinion of Barack Obama as president,1335,Strongly disapprove,35%,3%,93%,3%,0%,1%
CO,Opinion of Barack Obama as president,1335,Approve,53%,85%,6%,5%,1%,3%
CO,Opinion of Barack Obama as president,1335,Disapprove,45%,5%,88%,5%,1%,1%
CO,Opinion of Hillary Clinton,1335,Favorable,44%,94%,3%,2%,1%,N/A
CO,Opinion of Hillary Clinton,1335,Unfavorable,54%,10%,78%,7%,2%,3%
CO,Opinion of Donald Trump,1335,Favorable,37%,3%,97%,0%,0%,N/A
CO,Opinion of Donald Trump,1335,Unfavorable,62%,76%,12%,7%,2%,3%
CO,Opinion of Clinton and Trump,1335,Both favorable,2%,N/A,N/A,N/A,N/A,N/A
CO,Opinion of Clinton and Trump,1335,Only Clinton favorable,42%,97%,N/A,2%,1%,N/A
CO,Opinion of Clinton and Trump,1335,Only Trump favorable,35%,2%,98%,0%,0%,N/A
CO,Opinion of Clinton and Trump,1335,Both unfavorable,19%,27%,40%,20%,5%,8%
CO,Is Hillary Clinton honest and trustworthy?,1335,Yes,38%,97%,1%,1%,0%,1%
CO,Is Hillary Clinton honest and trustworthy?,1335,No,60%,18%,71%,7%,2%,2%
CO,Is Donald Trump honest and trustworthy?,1335,Yes,35%,3%,94%,1%,1%,1%
CO,Is Donald Trump honest and trustworthy?,1335,No,64%,73%,16%,7%,1%,3%
CO,Which candidate is honest?,1335,Both are,1%,N/A,N/A,N/A,N/A,N/A
CO,Which candidate is honest?,1335,Only Clinton is,36%,99%,0%,1%,0%,N/A
CO,Which candidate is honest?,1335,Only Trump is,33%,1%,96%,1%,1%,1%
CO,Which candidate is honest?,1335,Neither is,27%,38%,39%,15%,3%,5%
CO,Does Clinton have the temperament to be president?,1335,Yes,58%,80%,11%,5%,1%,3%
CO,Does Clinton have the temperament to be president?,1335,No,41%,5%,89%,4%,2%,N/A
CO,Does Trump have the temperament to be president?,1335,Yes,36%,2%,96%,1%,0%,1%
CO,Does Trump have the temperament to be president?,1335,No,63%,76%,13%,7%,2%,2%
CO,Which candidate has the right temperament?,1335,Both do,5%,N/A,N/A,N/A,N/A,N/A
CO,Which candidate has the right temperament?,1335,Only Clinton does,53%,87%,3%,6%,1%,3%
CO,Which candidate has the right temperament?,1335,Only Trump does,31%,1%,97%,1%,N/A,1%
CO,Which candidate has the right temperament?,1335,Neither does,10%,15%,63%,12%,7%,3%
CO,Is Clinton qualified to serve as president?,1335,Yes,56%,85%,9%,5%,1%,N/A
CO,Is Clinton qualified to serve as president?,1335,No,43%,3%,88%,5%,2%,2%
CO,Is Trump qualified to serve as president?,1335,Yes,38%,3%,95%,1%,0%,1%
CO,Is Trump qualified to serve as president?,1335,No,61%,78%,11%,7%,2%,2%
CO,Who is qualified to serve as president?,1335,Both are,5%,N/A,N/A,N/A,N/A,N/A
CO,Who is qualified to serve as president?,1335,Only Clinton is,51%,92%,2%,5%,1%,N/A
CO,Who is qualified to serve as president?,1335,Only Trump is,33%,1%,98%,1%,0%,N/A
CO,Who is qualified to serve as president?,1335,Neither is,10%,8%,57%,17%,7%,11%
CO,Who would better handle the economy?,1335,Clinton,48%,95%,0%,5%
CO,Who would better handle the economy?,1335,Trump,46%,3%,93%,4%
CO,Who would better handle foreign policy?,1335,Clinton,55%,85%,8%,5%,1%,1%
CO,Who would better handle foreign policy?,1335,Trump,41%,3%,94%,3%,0%,N/A
CO,Condition of national economy,1335,Excellent,4%,N/A,N/A,N/A,N/A,N/A
CO,Condition of national economy,1335,Good,40%,84%,10%,5%,0%,1%
CO,Condition of national economy,1335,Not good,29%,27%,63%,7%,1%,2%
CO,Condition of national economy,1335,Poor,27%,14%,78%,3%,2%,3%
CO,Condition of national economy,1335,Good,44%,84%,10%,5%,0%,1%
CO,Condition of national economy,1335,Poor,56%,21%,70%,5%,2%,2%
CO,Life for the next generation of Americans will be:,1335,Better than today,28%,64%,33%,2%,0%,1%
CO,Life for the next generation of Americans will be:,1335,Worse than today,31%,24%,66%,5%,2%,3%
CO,Life for the next generation of Americans will be:,1335,About the same,37%,60%,30%,7%,1%,2%
CO,Which best describes you?,1335,Moved to Colo. since 2006,13%,44%,46%,5%,3%,2%
CO,Which best describes you?,1335,Moved to Colo. pre-2006,50%,52%,42%,4%,1%,1%
CO,Which best describes you?,1335,Born in Colorado,38%,46%,44%,6%,1%,3%
CO,Which better describes you?,1335,Born in Colorado,38%,46%,44%,6%,1%,3%
CO,Which better describes you?,1335,Moved to Colorado,62%,50%,43%,4%,1%,2%
CO,Vote for president in a two-way race,1335,Clinton,50%,95%,0%,5%
CO,Vote for president in a two-way race,1335,Trump,43%,0%,97%,3%
CO,Vote for president in a two-way race,1335,Would not vote,6%,N/A,N/A,N/A
CO,Area type,1335,Urban area,39%,53%,39%,3%,2%,3%
CO,Area type,1335,Suburban area,49%,48%,44%,6%,1%,1%
CO,Area type,1335,Rural area,12%,37%,57%,4%,0%,2%
CO,Region,1335,East,17%,41%,52%,5%,1%,1%
CO,Region,1335,Denver / Eastern Suburbs,31%,61%,31%,3%,2%,3%
CO,Region,1335,Western Suburbs / Boulder,19%,58%,35%,6%,1%,N/A
CO,Region,1335,Southern Front Range,20%,31%,58%,7%,1%,3%
CO,Region,1335,Colorado Rockies,14%,40%,52%,5%,0%,3%
