state,poll_type,sample_size,demographic,percentage,clinton,trump,other1,other2,other3
GA,Gender,2767,Male,45%,37%,60%,3%
GA,Gender,2767,Female,55%,54%,43%,3%
GA,Age,2767,18-29,18%,63%,33%,4%,N/A
GA,Age,2767,30-44,28%,51%,44%,5%,N/A
GA,Age,2767,45-64,38%,41%,57%,2%,N/A
GA,Age,2767,65 and older,16%,31%,67%,1%,1%
GA,Age,2767,18-24,9%,65%,29%,6%,N/A
GA,Age,2767,25-29,9%,60%,37%,3%,N/A
GA,Age,2767,30-39,18%,50%,44%,6%,N/A
GA,Age,2767,40-49,21%,45%,51%,4%,N/A
GA,Age,2767,50-64,27%,42%,57%,1%,N/A
GA,Age,2767,65 and older,16%,31%,67%,1%,1%
GA,Age,2767,18-44,46%,55%,40%,5%,N/A
GA,Age,2767,45 and older,54%,38%,60%,1%,1%
GA,Race,2767,White,60%,21%,75%,4%,N/A
GA,Race,2767,Black,30%,89%,9%,2%,N/A
GA,Race,2767,Latino,4%,67%,27%,6%,N/A
GA,Race,2767,Asian,3%,N/A,N/A,N/A,N/A
GA,Race,2767,Other race,2%,N/A,N/A,N/A,N/A
GA,Race,2767,White,60%,21%,75%,4%
GA,Race,2767,Non-white,40%,83%,14%,3%
GA,Race and gender,2767,White men,30%,16%,80%,4%
GA,Race and gender,2767,White women,31%,26%,70%,4%
GA,Race and gender,2767,Black men,12%,83%,15%,2%
GA,Race and gender,2767,Black women,19%,94%,5%,1%
GA,Race and gender,2767,Latino men,2%,N/A,N/A,N/A
GA,Race and gender,2767,Latino women,2%,N/A,N/A,N/A
GA,Race and gender,2767,Others,5%,63%,36%,1%
GA,Education,2767,High school or less,19%,39%,57%,4%
GA,Education,2767,Some college,31%,46%,51%,3%
GA,Education,2767,College graduate,34%,49%,49%,2%
GA,Education,2767,Postgraduate,17%,50%,47%,3%
GA,Are you a college graduate?,2767,Yes,50%,49%,48%,3%
GA,Are you a college graduate?,2767,No,50%,43%,54%,3%
GA,Education and race,2767,White college graduates,30%,28%,69%,3%
GA,Education and race,2767,Whites no degree,30%,15%,81%,4%
GA,Education and race,2767,Non-whites college grads,20%,82%,16%,2%
GA,Education and race,2767,Non-whites no degree,20%,85%,13%,2%
GA,Education among whites by sex,2767,White college-grad women,16%,34%,63%,3%
GA,Education among whites by sex,2767,White non-college women,15%,18%,78%,4%
GA,Education among whites by sex,2767,White college-grad men,15%,21%,76%,3%
GA,Education among whites by sex,2767,White non-college men,15%,11%,85%,4%
GA,Education among whites by sex,2767,Non-whites,40%,83%,14%,3%
GA,Income,2767,"Under $30,000",16%,54%,41%,5%,N/A
GA,Income,2767,"$30K-$49,999",20%,40%,53%,7%,N/A
GA,Income,2767,"$50K-$99,999",33%,49%,49%,2%,N/A
GA,Income,2767,"$100K-$199,999",21%,41%,57%,2%,N/A
GA,Income,2767,"$200K-$249,999",4%,N/A,N/A,N/A,N/A
GA,Income,2767,"$250,000 or more",6%,N/A,N/A,N/A,N/A
GA,Income,2767,Under $50K,36%,47%,48%,6%,N/A
GA,Income,2767,$50K-$100K,33%,49%,49%,2%,N/A
GA,Income,2767,$100K or more,32%,42%,56%,2%,N/A
GA,Income,2767,Under $50K,36%,47%,48%,6%,N/A
GA,Income,2767,$50K or more,64%,46%,52%,2%,N/A
GA,Income,2767,Under $100K,68%,48%,48%,4%
GA,Income,2767,$100K or more,32%,42%,56%,2%
GA,Party ID,2767,Democrats,34%,94%,5%,1%,N/A
GA,Party ID,2767,Republicans,36%,4%,94%,2%,N/A
GA,Party ID,2767,Independents,30%,41%,52%,7%,N/A
GA,Party by gender,2767,Democratic men,11%,94%,5%,1%,N/A
GA,Party by gender,2767,Democratic women,23%,94%,5%,1%,N/A
GA,Party by gender,2767,Republican men,18%,4%,93%,3%,N/A
GA,Party by gender,2767,Republican women,18%,4%,95%,1%,N/A
GA,Party by gender,2767,Independent men,16%,35%,60%,5%,N/A
GA,Party by gender,2767,Independent women,14%,49%,42%,9%,N/A
GA,Ideology,2767,Liberal,22%,85%,11%,4%,N/A
GA,Ideology,2767,Moderate,36%,57%,38%,5%,N/A
GA,Ideology,2767,Conservative,42%,15%,85%,1%,N/A
GA,White born-again or evangelical Christian?,2767,Yes,34%,5%,92%,3%
GA,White born-again or evangelical Christian?,2767,No,66%,66%,31%,3%
GA,Marital status,2767,Married,59%,35%,62%,3%
GA,Marital status,2767,Unmarried,41%,58%,39%,3%
GA,Marital status by gender,2767,Married men,31%,28%,69%,3%
GA,Marital status by gender,2767,Married women,28%,42%,54%,4%
GA,Marital status by gender,2767,Unmarried men,15%,47%,51%,2%
GA,Marital status by gender,2767,Unmarried women,26%,64%,32%,4%
GA,When did you decide presidential vote?,2767,Last few days,5%,43%,46%,11%,N/A
GA,When did you decide presidential vote?,2767,Last week,4%,N/A,N/A,N/A,N/A
GA,When did you decide presidential vote?,2767,In October,10%,42%,49%,9%,N/A
GA,When did you decide presidential vote?,2767,In September,13%,52%,45%,3%,N/A
GA,When did you decide presidential vote?,2767,Before September,66%,44%,55%,1%,N/A
GA,When did you decide presidential vote?,2767,In the last week,10%,52%,42%,7%,N/A
GA,When did you decide presidential vote?,2767,Before that,89%,45%,53%,2%,N/A
GA,When did you decide presidential vote?,2767,In the last month,20%,47%,45%,8%,N/A
GA,When did you decide presidential vote?,2767,Before that,79%,45%,53%,2%,N/A
GA,Opinion of presidential candidate you voted for,2767,Strongly favor ,52%,52%,46%,2%,N/A
GA,Opinion of presidential candidate you voted for,2767,Have reservations,25%,50%,48%,2%,N/A
GA,Opinion of presidential candidate you voted for,2767,Dislike opponents,21%,35%,54%,11%,N/A
GA,Most important issue facing the country,2767,Foreign policy,11%,63%,32%,5%,N/A
GA,Most important issue facing the country,2767,Immigration,14%,24%,75%,1%,N/A
GA,Most important issue facing the country,2767,Economy,56%,48%,48%,4%,N/A
GA,Most important issue facing the country,2767,Terrorism,17%,41%,58%,1%,N/A
GA,Which candidate quality mattered most?,2767,Cares about me,16%,64%,33%,3%,N/A
GA,Which candidate quality mattered most?,2767,Can bring change,41%,14%,84%,2%,N/A
GA,Which candidate quality mattered most?,2767,Right experience,19%,89%,10%,0%,1%
GA,Which candidate quality mattered most?,2767,Good judgment,20%,53%,39%,8%,N/A
GA,Illegal immigrants working in the U.S. should be:,2767,Offered legal status,73%,61%,36%,3%
GA,Illegal immigrants working in the U.S. should be:,2767,Deported to home country,21%,18%,82%,N/A
GA,How do things work in the U.S. today?,2767,Whites are favored,39%,85%,12%,3%,N/A
GA,How do things work in the U.S. today?,2767,Minorities are favored,25%,11%,88%,1%,N/A
GA,How do things work in the U.S. today?,2767,No group is favored,32%,33%,62%,5%,N/A
GA,Feelings about the federal government,2767,Enthusiastic,5%,N/A,N/A,N/A
GA,Feelings about the federal government,2767,Satisfied,26%,81%,15%,4%
GA,Feelings about the federal government,2767,Dissatisfied,41%,41%,55%,4%
GA,Feelings about the federal government,2767,Angry,26%,16%,80%,4%
GA,Feelings about the federal government,2767,Enthusiastic/Satisfied,31%,81%,16%,3%
GA,Feelings about the federal government,2767,Dissatisfied/Angry,67%,31%,65%,4%
GA,Opinion of Barack Obama as president,2767,Strongly approve,36%,91%,8%,1%,N/A
GA,Opinion of Barack Obama as president,2767,Somewhat approve,15%,73%,19%,8%,N/A
GA,Opinion of Barack Obama as president,2767,Somewhat disapprove,10%,13%,80%,8%,N/A
GA,Opinion of Barack Obama as president,2767,Strongly disapprove,38%,2%,97%,1%,N/A
GA,Opinion of Barack Obama as president,2767,Approve,50%,86%,12%,2%
GA,Opinion of Barack Obama as president,2767,Disapprove,49%,4%,93%,3%
GA,Opinion of Hillary Clinton,2767,Favorable,43%,96%,4%,N/A
GA,Opinion of Hillary Clinton,2767,Unfavorable,56%,6%,90%,4%
GA,Opinion of Donald Trump,2767,Favorable,45%,2%,97%,1%
GA,Opinion of Donald Trump,2767,Unfavorable,54%,81%,16%,3%
GA,Opinion of Clinton and Trump,2767,Both favorable,2%,N/A,N/A,N/A,N/A
GA,Opinion of Clinton and Trump,2767,Only Clinton favorable,41%,99%,1%,1%,N/A
GA,Opinion of Clinton and Trump,2767,Only Trump favorable,43%,1%,98%,2%,N/A
GA,Opinion of Clinton and Trump,2767,Both unfavorable,13%,24%,63%,13%,N/A
GA,Is Hillary Clinton honest and trustworthy?,2767,Yes,38%,96%,3%,1%
GA,Is Hillary Clinton honest and trustworthy?,2767,No,59%,16%,80%,4%
GA,Is Donald Trump honest and trustworthy?,2767,Yes,40%,1%,97%,2%
GA,Is Donald Trump honest and trustworthy?,2767,No,56%,81%,16%,3%
GA,Which candidate is honest?,2767,Both are,1%,N/A,N/A,N/A,N/A
GA,Which candidate is honest?,2767,Only Clinton is,37%,98%,1%,1%,N/A
GA,Which candidate is honest?,2767,Only Trump is,39%,1%,98%,1%,N/A
GA,Which candidate is honest?,2767,Neither is,19%,47%,45%,8%,N/A
GA,Is Clinton qualified to serve as president?,2767,Yes,50%,91%,9%,1%
GA,Is Clinton qualified to serve as president?,2767,No,49%,5%,90%,5%
GA,Is Trump qualified to serve as president?,2767,Yes,42%,3%,95%,2%
GA,Is Trump qualified to serve as president?,2767,No,58%,81%,15%,4%
GA,Who is qualified to serve as president?,2767,Both are,5%,N/A,N/A,N/A,N/A
GA,Who is qualified to serve as president?,2767,Only Clinton is,45%,97%,2%,1%,N/A
GA,Who is qualified to serve as president?,2767,Only Trump is,37%,N/A,98%,2%,N/A
GA,Who is qualified to serve as president?,2767,Neither is,12%,21%,65%,14%,N/A
GA,Does Clinton have the temperament to be president?,2767,Yes,52%,87%,10%,3%
GA,Does Clinton have the temperament to be president?,2767,No,46%,4%,93%,3%
GA,Does Trump have the temperament to be president?,2767,Yes,42%,4%,96%,0%
GA,Does Trump have the temperament to be president?,2767,No,56%,80%,14%,6%
GA,Which candidate has the right temperament?,2767,Both do,5%,N/A,N/A,N/A,N/A
GA,Which candidate has the right temperament?,2767,Only Clinton does,47%,94%,2%,3%,1%
GA,Which candidate has the right temperament?,2767,Only Trump does,36%,1%,99%,0%,N/A
GA,Which candidate has the right temperament?,2767,Neither does,10%,17%,71%,13%,N/A
GA,Does Clinton's use of private email bother you:,2767,A lot,49%,5%,92%,3%,N/A
GA,Does Clinton's use of private email bother you:,2767,Some,14%,67%,26%,7%,N/A
GA,Does Clinton's use of private email bother you:,2767,Not much,15%,90%,6%,4%,N/A
GA,Does Clinton's use of private email bother you:,2767,Not at all,21%,95%,4%,1%,N/A
GA,Does Clinton's use of private email bother you?,2767,Yes,63%,19%,77%,4%
GA,Does Clinton's use of private email bother you?,2767,No,36%,93%,5%,2%
GA,Does Donald Trump's treatment of women bother you:,2767,A lot,46%,85%,11%,4%,N/A
GA,Does Donald Trump's treatment of women bother you:,2767,Some,20%,20%,75%,5%,N/A
GA,Does Donald Trump's treatment of women bother you:,2767,Not much,13%,7%,92%,2%,N/A
GA,Does Donald Trump's treatment of women bother you:,2767,Not at all,21%,10%,89%,0%,1%
GA,Does Donald Trump's treatment of women bother you?,2767,Yes,65%,65%,30%,5%,N/A
GA,Does Donald Trump's treatment of women bother you?,2767,No,34%,9%,90%,1%,N/A
GA,Condition of national economy,2767,Excellent,5%,N/A,N/A,N/A,N/A
GA,Condition of national economy,2767,Good,36%,82%,13%,6%,N/A
GA,Condition of national economy,2767,Not good,34%,29%,66%,4%,1%
GA,Condition of national economy,2767,Poor,24%,13%,86%,1%,N/A
GA,Condition of national economy,2767,Good,41%,83%,12%,5%,N/A
GA,Condition of national economy,2767,Poor,59%,23%,75%,3%,N/A
GA,Financial situation compared to four years ago:,2767,Better today,37%,70%,26%,4%
GA,Financial situation compared to four years ago:,2767,Worse today,26%,11%,86%,3%
GA,Financial situation compared to four years ago:,2767,About the same,36%,46%,53%,1%
GA,Life for the next generation of Americans will be:,2767,Better than today,40%,60%,38%,2%
GA,Life for the next generation of Americans will be:,2767,Worse than today,26%,27%,69%,4%
GA,Life for the next generation of Americans will be:,2767,About the same,28%,54%,43%,3%
GA,Vote for president in a two-way race,2767,Clinton,47%,97%,1%,2%
GA,Vote for president in a two-way race,2767,Trump,48%,1%,98%,1%
GA,Vote for president in a two-way race,2767,Would not vote,4%,N/A,N/A,N/A
GA,Area type,2767,Urban area,18%,68%,29%,3%
GA,Area type,2767,Suburban area,58%,46%,51%,3%
GA,Area type,2767,Rural area,23%,29%,67%,4%
GA,Region,2767,North,19%,28%,69%,3%,N/A
GA,Region,2767,Atlanta Suburbs,28%,50%,46%,5%,N/A
GA,Region,2767,Atlanta Metro,18%,76%,22%,2%,N/A
GA,Region,2767,Central,19%,42%,55%,3%,N/A
GA,Region,2767,Coast / South,16%,32%,65%,2%,1%
