state,poll_type,sample_size,demographic,percentage,clinton,trump,other1,other2,other3
OR,Gender,1128,Male,48%,45%,45%,5%,3%,2%
OR,Gender,1128,Female,52%,56%,33%,3%,4%,4%
OR,Age,1128,18-29,16%,N/A,N/A,N/A,N/A,N/A
OR,Age,1128,30-44,26%,50%,38%,5%,4%,3%
OR,Age,1128,45-64,35%,48%,42%,3%,4%,3%
OR,Age,1128,65 and older,23%,46%,47%,2%,2%,3%
OR,Age,1128,18-24,8%,N/A,N/A,N/A,N/A,N/A
OR,Age,1128,25-29,8%,N/A,N/A,N/A,N/A,N/A
OR,Age,1128,30-39,18%,49%,38%,3%,7%,3%
OR,Age,1128,40-49,16%,51%,38%,8%,1%,2%
OR,Age,1128,50-64,27%,48%,44%,2%,3%,3%
OR,Age,1128,65 and older,23%,46%,47%,2%,2%,3%
OR,Age,1128,18-44,42%,55%,32%,5%,5%,3%
OR,Age,1128,45 and older,58%,47%,44%,3%,2%,4%
OR,Race,1128,White,81%,48%,42%,10%
OR,Race,1128,Black,1%,N/A,N/A,N/A
OR,Race,1128,Latino,9%,N/A,N/A,N/A
OR,Race,1128,Asian,4%,N/A,N/A,N/A
OR,Race,1128,Other race,4%,N/A,N/A,N/A
OR,Race,1128,White,81%,48%,42%,2%,4%,4%
OR,Race,1128,Non-white,19%,63%,23%,7%,3%,4%
OR,Race and gender,1128,White men,39%,41%,50%,5%,3%,1%
OR,Race and gender,1128,White women,43%,54%,36%,4%,2%,4%
OR,Race and gender,1128,Black men,0%,N/A,N/A,N/A,N/A,N/A
OR,Race and gender,1128,Black women,1%,N/A,N/A,N/A,N/A,N/A
OR,Race and gender,1128,Latino men,4%,N/A,N/A,N/A,N/A,N/A
OR,Race and gender,1128,Latino women,5%,N/A,N/A,N/A,N/A,N/A
OR,Race and gender,1128,Others,8%,N/A,N/A,N/A,N/A,N/A
OR,Education,1128,High school or less,18%,38%,52%,5%,1%,4%
OR,Education,1128,Some college,34%,43%,46%,3%,5%,3%
OR,Education,1128,College graduate,28%,55%,32%,6%,4%,3%
OR,Education,1128,Postgraduate,20%,68%,23%,3%,2%,4%
OR,Are you a college graduate?,1128,Yes,49%,60%,29%,11%
OR,Are you a college graduate?,1128,No,51%,41%,48%,11%
OR,Education and race,1128,White college graduates,41%,60%,30%,5%,2%,3%
OR,Education and race,1128,Whites no degree,40%,36%,55%,4%,3%,2%
OR,Education and race,1128,Non-whites college grads,8%,N/A,N/A,N/A,N/A,N/A
OR,Education and race,1128,Non-whites no degree,11%,N/A,N/A,N/A,N/A,N/A
OR,Education among whites by sex,1128,White college-grad women,22%,65%,28%,3%,0%,4%
OR,Education among whites by sex,1128,White non-college women,20%,43%,45%,5%,4%,3%
OR,Education among whites by sex,1128,White college-grad men,19%,54%,33%,7%,4%,2%
OR,Education among whites by sex,1128,White non-college men,20%,28%,65%,3%,1%,3%
OR,Education among whites by sex,1128,Non-whites,19%,63%,23%,3%,7%,4%
OR,Income,1128,"Under $30,000",20%,46%,38%,8%,5%,3%
OR,Income,1128,"$30K-$49,999",19%,42%,43%,6%,6%,3%
OR,Income,1128,"$50K-$99,999",34%,51%,43%,2%,2%,2%
OR,Income,1128,"$100K-$199,999",21%,55%,35%,1%,6%,3%
OR,Income,1128,"$200K-$249,999",3%,N/A,N/A,N/A,N/A,N/A
OR,Income,1128,"$250,000 or more",3%,N/A,N/A,N/A,N/A,N/A
OR,Income,1128,Under $50K,39%,44%,41%,7%,5%,3%
OR,Income,1128,$50K-$100K,34%,51%,43%,2%,2%,2%
OR,Income,1128,$100K or more,28%,53%,35%,2%,6%,4%
OR,Income,1128,Under $50K,39%,44%,41%,7%,5%,3%
OR,Income,1128,$50K or more,61%,52%,40%,2%,4%,2%
OR,Income,1128,Under $100K,72%,47%,42%,4%,4%,3%
OR,Income,1128,$100K or more,28%,53%,35%,6%,2%,4%
OR,Party ID,1128,Democrats,34%,90%,4%,2%,2%,2%
OR,Party ID,1128,Republicans,23%,8%,85%,5%,0%,2%
OR,Party ID,1128,Independents,44%,42%,42%,6%,5%,5%
OR,Party by gender,1128,Democratic men,13%,88%,6%,2%,4%,N/A
OR,Party by gender,1128,Democratic women,21%,91%,4%,2%,2%,1%
OR,Party by gender,1128,Republican men,11%,9%,85%,3%,1%,2%
OR,Party by gender,1128,Republican women,11%,6%,85%,6%,N/A,3%
OR,Party by gender,1128,Independent men,23%,38%,47%,7%,4%,4%
OR,Party by gender,1128,Independent women,20%,47%,35%,4%,7%,7%
OR,Ideology,1128,Liberal,34%,87%,5%,1%,5%,2%
OR,Ideology,1128,Moderate,37%,50%,35%,7%,2%,6%
OR,Ideology,1128,Conservative,29%,8%,84%,4%,1%,3%
OR,When did you decide presidential vote?,1128,Last few days,N/A,N/A,N/A,N/A,N/A,N/A
OR,When did you decide presidential vote?,1128,Last week,3%,N/A,N/A,N/A,N/A,N/A
OR,When did you decide presidential vote?,1128,In October,19%,34%,49%,10%,3%,4%
OR,When did you decide presidential vote?,1128,In September,11%,39%,48%,3%,6%,4%
OR,When did you decide presidential vote?,1128,Before September,65%,56%,36%,2%,3%,3%
OR,When did you decide presidential vote?,1128,In the last week,3%,N/A,N/A,N/A
OR,When did you decide presidential vote?,1128,Before that,95%,50%,40%,10%
OR,When did you decide presidential vote?,1128,In the last month,22%,33%,47%,10%,4%,6%
OR,When did you decide presidential vote?,1128,Before that,76%,54%,38%,2%,3%,3%
OR,Opinion of presidential candidate you voted for,1128,Strongly favor ,32%,54%,38%,1%,4%,3%
OR,Opinion of presidential candidate you voted for,1128,Have reservations,30%,60%,36%,2%,1%,1%
OR,Opinion of presidential candidate you voted for,1128,Dislike opponents,36%,37%,44%,8%,6%,5%
OR,Most important issue facing the country,1128,Foreign policy,16%,62%,25%,6%,4%,3%
OR,Most important issue facing the country,1128,Immigration,11%,33%,62%,2%,3%,N/A
OR,Most important issue facing the country,1128,Economy,57%,53%,34%,4%,5%,4%
OR,Most important issue facing the country,1128,Terrorism,13%,27%,63%,3%,3%,4%
OR,Which candidate quality mattered most?,1128,Cares about me,13%,50%,42%,0%,4%,4%
OR,Which candidate quality mattered most?,1128,Can bring change,32%,12%,78%,3%,4%,3%
OR,Which candidate quality mattered most?,1128,Right experience,24%,91%,6%,3%,0%,N/A
OR,Which candidate quality mattered most?,1128,Good judgment,29%,58%,26%,7%,5%,4%
OR,Illegal immigrants working in the U.S. should be:,1128,Offered legal status,78%,60%,29%,4%,4%,3%
OR,Illegal immigrants working in the U.S. should be:,1128,Deported to home country,17%,9%,80%,5%,1%,5%
OR,Opinion of Barack Obama as president,1128,Strongly approve,36%,94%,2%,1%,1%,2%
OR,Opinion of Barack Obama as president,1128,Somewhat approve,22%,63%,16%,10%,6%,5%
OR,Opinion of Barack Obama as president,1128,Somewhat disapprove,10%,N/A,N/A,N/A,N/A,N/A
OR,Opinion of Barack Obama as president,1128,Strongly disapprove,31%,0%,92%,1%,4%,3%
OR,Opinion of Barack Obama as president,1128,Approve,58%,82%,7%,5%,3%,3%
OR,Opinion of Barack Obama as president,1128,Disapprove,41%,3%,86%,3%,4%,4%
OR,Opinion of Hillary Clinton,1128,Favorable,43%,95%,3%,1%,1%,N/A
OR,Opinion of Hillary Clinton,1128,Unfavorable,56%,13%,69%,7%,6%,5%
OR,Opinion of Donald Trump,1128,Favorable,33%,2%,96%,1%,0%,1%
OR,Opinion of Donald Trump,1128,Unfavorable,65%,74%,12%,5%,4%,5%
OR,Opinion of Clinton and Trump,1128,Both favorable,2%,N/A,N/A,N/A,N/A,N/A
OR,Opinion of Clinton and Trump,1128,Only Clinton favorable,41%,97%,1%,1%,1%,N/A
OR,Opinion of Clinton and Trump,1128,Only Trump favorable,31%,N/A,98%,1%,0%,1%
OR,Opinion of Clinton and Trump,1128,Both unfavorable,23%,31%,31%,14%,11%,13%
OR,Is Hillary Clinton honest and trustworthy?,1128,Yes,36%,97%,0%,N/A,1%,2%
OR,Is Hillary Clinton honest and trustworthy?,1128,No,61%,20%,64%,6%,6%,4%
OR,Is Donald Trump honest and trustworthy?,1128,Yes,30%,3%,96%,0%,1%,N/A
OR,Is Donald Trump honest and trustworthy?,1128,No,68%,71%,14%,6%,5%,4%
OR,Which candidate is honest?,1128,Both are,1%,N/A,N/A,N/A,N/A,N/A
OR,Which candidate is honest?,1128,Only Clinton is,35%,98%,0%,N/A,1%,1%
OR,Which candidate is honest?,1128,Only Trump is,30%,0%,99%,0%,1%,N/A
OR,Which candidate is honest?,1128,Neither is,31%,39%,30%,13%,11%,7%
OR,Does Clinton have the temperament to be president?,1128,Yes,60%,81%,11%,2%,3%,3%
OR,Does Clinton have the temperament to be president?,1128,No,39%,3%,83%,6%,4%,4%
OR,Does Trump have the temperament to be president?,1128,Yes,33%,2%,95%,0%,2%,1%
OR,Does Trump have the temperament to be president?,1128,No,66%,73%,12%,6%,4%,5%
OR,Which candidate has the right temperament?,1128,Both do,6%,N/A,N/A,N/A,N/A,N/A
OR,Which candidate has the right temperament?,1128,Only Clinton does,54%,88%,3%,2%,4%,3%
OR,Which candidate has the right temperament?,1128,Only Trump does,27%,1%,97%,N/A,2%,N/A
OR,Which candidate has the right temperament?,1128,Neither does,12%,7%,51%,20%,7%,15%
OR,Condition of national economy,1128,Excellent,2%,N/A,N/A,N/A,N/A,N/A
OR,Condition of national economy,1128,Good,36%,85%,9%,1%,3%,2%
OR,Condition of national economy,1128,Not good,37%,38%,49%,3%,6%,4%
OR,Condition of national economy,1128,Poor,24%,9%,74%,9%,3%,5%
OR,Condition of national economy,1128,Good,39%,84%,10%,3%,1%,2%
OR,Condition of national economy,1128,Poor,61%,27%,59%,5%,5%,4%
OR,Life for the next generation of Americans will be:,1128,Better than today,22%,51%,39%,4%,3%,3%
OR,Life for the next generation of Americans will be:,1128,Worse than today,33%,30%,53%,6%,5%,6%
OR,Life for the next generation of Americans will be:,1128,About the same,41%,66%,27%,1%,4%,2%
OR,Area type,1128,Urban area,35%,64%,26%,4%,3%,3%
OR,Area type,1128,Suburban area,46%,49%,42%,1%,4%,4%
OR,Area type,1128,Rural area,19%,31%,55%,7%,6%,1%
OR,Region,1128,Multnomah County,21%,70%,18%,5%,3%,4%
OR,Region,1128,Portland Suburbs,26%,52%,38%,2%,4%,4%
OR,Region,1128,Willamette Val. / N.W.,29%,50%,40%,1%,5%,4%
OR,Region,1128,East / South,25%,32%,56%,6%,4%,2%
