state,poll_type,sample_size,demographic,percentage,clinton,trump,other1,other2,other3
SC,Gender,895,Male,46%,35%,59%,6%
SC,Gender,895,Female,54%,45%,51%,4%
SC,Age,895,18-29,18%,43%,43%,8%,4%,2%
SC,Age,895,30-44,30%,44%,51%,2%,1%,2%
SC,Age,895,45-64,38%,37%,62%,1%,0%,N/A
SC,Age,895,65 and older,13%,39%,58%,3%,N/A,N/A
SC,Age,895,18-24,8%,N/A,N/A,N/A
SC,Age,895,25-29,10%,N/A,N/A,N/A
SC,Age,895,30-39,18%,46%,48%,6%
SC,Age,895,40-49,22%,45%,53%,2%
SC,Age,895,50-64,28%,32%,66%,2%
SC,Age,895,65 and older,13%,39%,58%,3%
SC,Age,895,18-44,48%,44%,48%,8%
SC,Age,895,45 and older,52%,37%,61%,2%
SC,Race,895,White,74%,24%,70%,6%
SC,Race,895,Black,19%,94%,4%,2%
SC,Race,895,Latino,4%,N/A,N/A,N/A
SC,Race,895,Asian,1%,N/A,N/A,N/A
SC,Race,895,Other race,2%,N/A,N/A,N/A
SC,Race,895,White,74%,24%,70%,6%
SC,Race,895,Non-white,26%,86%,12%,2%
SC,Race and gender,895,White men,34%,18%,76%,5%,1%,N/A
SC,Race and gender,895,White women,40%,30%,64%,3%,1%,2%
SC,Race and gender,895,Black men,8%,N/A,N/A,N/A,N/A,N/A
SC,Race and gender,895,Black women,11%,N/A,N/A,N/A,N/A,N/A
SC,Race and gender,895,Latino men,3%,N/A,N/A,N/A,N/A,N/A
SC,Race and gender,895,Latino women,2%,N/A,N/A,N/A,N/A,N/A
SC,Race and gender,895,Others,3%,N/A,N/A,N/A,N/A,N/A
SC,Education,895,High school or less,17%,38%,58%,4%
SC,Education,895,Some college,36%,36%,58%,6%
SC,Education,895,College graduate,32%,43%,52%,5%
SC,Education,895,Postgraduate,16%,43%,54%,3%
SC,Are you a college graduate?,895,Yes,48%,43%,52%,5%
SC,Are you a college graduate?,895,No,52%,36%,58%,6%
SC,Education and race,895,White college graduates,37%,31%,64%,5%
SC,Education and race,895,Whites no degree,39%,18%,75%,7%
SC,Education and race,895,Non-whites college grads,11%,N/A,N/A,N/A
SC,Education and race,895,Non-whites no degree,14%,86%,13%,1%
SC,Education among whites by sex,895,White college-grad women,22%,36%,58%,4%,1%,1%
SC,Education among whites by sex,895,White non-college women,19%,23%,72%,2%,1%,2%
SC,Education among whites by sex,895,White college-grad men,15%,24%,72%,3%,0%,1%
SC,Education among whites by sex,895,White non-college men,19%,14%,78%,7%,2%,N/A
SC,Education among whites by sex,895,Non-whites,25%,86%,12%,1%,1%,N/A
SC,Income,895,"Under $30,000",15%,N/A,N/A,N/A
SC,Income,895,"$30K-$49,999",20%,45%,49%,6%
SC,Income,895,"$50K-$99,999",36%,42%,55%,3%
SC,Income,895,"$100K-$199,999",19%,26%,69%,5%
SC,Income,895,"$200K-$249,999",6%,N/A,N/A,N/A
SC,Income,895,"$250,000 or more",4%,N/A,N/A,N/A
SC,Income,895,Under $50K,34%,48%,47%,5%
SC,Income,895,$50K-$100K,36%,42%,55%,3%
SC,Income,895,$100K or more,30%,32%,64%,4%
SC,Income,895,Under $50K,34%,48%,47%,5%
SC,Income,895,$50K or more,66%,37%,59%,4%
SC,Income,895,Under $100K,70%,45%,51%,4%
SC,Income,895,$100K or more,30%,32%,64%,4%
SC,Party ID,895,Democrats,27%,93%,4%,2%,1%,N/A
SC,Party ID,895,Republicans,46%,5%,92%,2%,0%,1%
SC,Party ID,895,Independents,26%,43%,47%,6%,2%,2%
SC,Party by gender,895,Democratic men,11%,N/A,N/A,N/A,N/A,N/A
SC,Party by gender,895,Democratic women,17%,94%,4%,1%,1%,N/A
SC,Party by gender,895,Republican men,21%,5%,93%,1%,N/A,1%
SC,Party by gender,895,Republican women,25%,5%,91%,2%,0%,2%
SC,Party by gender,895,Independent men,13%,31%,57%,9%,3%,N/A
SC,Party by gender,895,Independent women,13%,56%,38%,4%,1%,1%
SC,Ideology,895,Liberal,18%,83%,13%,4%
SC,Ideology,895,Moderate,38%,49%,45%,6%
SC,Ideology,895,Conservative,44%,12%,83%,5%
SC,White born-again or evangelical Christian?,895,Yes,44%,11%,86%,3%
SC,White born-again or evangelical Christian?,895,No,56%,62%,32%,6%
SC,Marital status,895,Married,63%,33%,64%,3%
SC,Marital status,895,Unmarried,37%,50%,43%,7%
SC,Marital status by gender,895,Married men,31%,30%,68%,1%,1%,N/A
SC,Marital status by gender,895,Married women,32%,36%,60%,2%,1%,1%
SC,Marital status by gender,895,Unmarried men,15%,44%,46%,7%,3%,N/A
SC,Marital status by gender,895,Unmarried women,22%,54%,42%,3%,1%,N/A
SC,When did you decide presidential vote?,895,Last few days,11%,N/A,N/A,N/A
SC,When did you decide presidential vote?,895,Last week,5%,N/A,N/A,N/A
SC,When did you decide presidential vote?,895,In October,9%,N/A,N/A,N/A
SC,When did you decide presidential vote?,895,In September,9%,N/A,N/A,N/A
SC,When did you decide presidential vote?,895,Before September,65%,42%,56%,2%
SC,When did you decide presidential vote?,895,In the last week,16%,44%,42%,7%,4%,3%
SC,When did you decide presidential vote?,895,Before that,84%,40%,57%,2%,1%,N/A
SC,When did you decide presidential vote?,895,In the last month,26%,39%,50%,5%,3%,3%
SC,When did you decide presidential vote?,895,Before that,74%,42%,56%,2%,0%,N/A
SC,Opinion of presidential candidate you voted for,895,Strongly favor ,48%,43%,55%,1%,1%,N/A
SC,Opinion of presidential candidate you voted for,895,Have reservations,32%,41%,54%,2%,1%,2%
SC,Opinion of presidential candidate you voted for,895,Dislike opponents,17%,37%,55%,7%,0%,1%
SC,Most important issue facing the country,895,Foreign policy,9%,N/A,N/A,N/A
SC,Most important issue facing the country,895,Immigration,13%,N/A,N/A,N/A
SC,Most important issue facing the country,895,Economy,54%,46%,49%,5%
SC,Most important issue facing the country,895,Terrorism,20%,26%,71%,3%
SC,Which candidate quality mattered most?,895,Cares about me,17%,50%,47%,3%
SC,Which candidate quality mattered most?,895,Can bring change,49%,14%,84%,2%
SC,Which candidate quality mattered most?,895,Right experience,18%,88%,10%,2%
SC,Which candidate quality mattered most?,895,Good judgment,13%,N/A,N/A,N/A
SC,Does the country's criminal justice system:,895,Treat all fairly,53%,16%,80%,4%
SC,Does the country's criminal justice system:,895,Treat blacks unfairly,40%,72%,23%,5%
SC,Opinion of Hillary Clinton,895,Favorable,35%,99%,1%,N/A
SC,Opinion of Hillary Clinton,895,Unfavorable,65%,7%,86%,7%
SC,Opinion of Donald Trump,895,Favorable,46%,1%,98%,1%,0%,N/A
SC,Opinion of Donald Trump,895,Unfavorable,53%,72%,20%,5%,1%,2%
SC,Opinion of Clinton and Trump,895,Both favorable,1%,N/A,N/A,N/A,N/A,N/A
SC,Opinion of Clinton and Trump,895,Only Clinton favorable,34%,100%,0%,N/A,N/A,N/A
SC,Opinion of Clinton and Trump,895,Only Trump favorable,45%,N/A,99%,1%,0%,N/A
SC,Opinion of Clinton and Trump,895,Both unfavorable,19%,25%,55%,12%,3%,5%
SC,Is Hillary Clinton honest and trustworthy?,895,Yes,29%,97%,3%,N/A
SC,Is Hillary Clinton honest and trustworthy?,895,No,70%,15%,79%,6%
SC,Is Donald Trump honest and trustworthy?,895,Yes,44%,2%,97%,1%
SC,Is Donald Trump honest and trustworthy?,895,No,53%,69%,24%,7%
SC,Which candidate is honest?,895,Both are,1%,N/A,N/A,N/A,N/A,N/A
SC,Which candidate is honest?,895,Only Clinton is,28%,98%,2%,N/A,N/A,N/A
SC,Which candidate is honest?,895,Only Trump is,43%,N/A,99%,1%,0%,N/A
SC,Which candidate is honest?,895,Neither is,26%,39%,46%,8%,2%,5%
SC,Life for the next generation of Americans will be:,895,Better than today,41%,47%,51%,0%,1%,1%
SC,Life for the next generation of Americans will be:,895,Worse than today,27%,23%,71%,2%,2%,2%
SC,Life for the next generation of Americans will be:,895,About the same,28%,49%,41%,6%,1%,3%
SC,Area type,895,Urban area,35%,49%,46%,3%,1%,1%
SC,Area type,895,Suburban area,55%,33%,62%,3%,1%,1%
SC,Area type,895,Rural area,10%,54%,40%,5%,1%,N/A
SC,Region,895,Upcountry,25%,31%,64%,5%
SC,Region,895,Piedmont,14%,36%,59%,5%
SC,Region,895,Central,26%,49%,47%,4%
SC,Region,895,Pee Dee / Waccamaw,15%,40%,56%,4%
SC,Region,895,Lowcountry,20%,45%,50%,5%
