state,poll_type,sample_size,demographic,percentage,clinton,trump,other1,other2,other3
VA,Gender,2942,Male,47%,43%,52%,5%
VA,Gender,2942,Female,53%,56%,39%,5%
VA,Age,2942,18-29,18%,54%,36%,6%,2%,2%
VA,Age,2942,30-44,25%,53%,40%,5%,1%,1%
VA,Age,2942,45-64,41%,47%,50%,2%,0%,1%
VA,Age,2942,65 and older,16%,45%,52%,1%,N/A,2%
VA,Age,2942,18-24,9%,51%,38%,6%,3%,2%
VA,Age,2942,25-29,9%,57%,34%,6%,2%,1%
VA,Age,2942,30-39,16%,55%,37%,6%,1%,1%
VA,Age,2942,40-49,21%,51%,45%,2%,0%,2%
VA,Age,2942,50-64,30%,45%,52%,2%,0%,1%
VA,Age,2942,65 and older,16%,45%,52%,1%,N/A,2%
VA,Age,2942,18-44,43%,54%,38%,5%,1%,2%
VA,Age,2942,45 and older,57%,47%,51%,2%,0%,N/A
VA,Race,2942,White,67%,35%,59%,6%
VA,Race,2942,Black,21%,88%,9%,3%
VA,Race,2942,Latino,6%,65%,30%,5%
VA,Race,2942,Asian,3%,N/A,N/A,N/A
VA,Race,2942,Other race,3%,N/A,N/A,N/A
VA,Race,2942,White,67%,35%,59%,6%
VA,Race,2942,Non-white,33%,79%,17%,4%
VA,Race and gender,2942,White men,32%,29%,65%,4%,0%,2%
VA,Race and gender,2942,White women,35%,41%,54%,3%,1%,1%
VA,Race and gender,2942,Black men,9%,84%,13%,1%,0%,2%
VA,Race and gender,2942,Black women,12%,91%,7%,1%,N/A,1%
VA,Race and gender,2942,Latino men,3%,N/A,N/A,N/A,N/A,N/A
VA,Race and gender,2942,Latino women,3%,N/A,N/A,N/A,N/A,N/A
VA,Race and gender,2942,Others,6%,62%,30%,6%,2%,N/A
VA,Education,2942,High school or less,14%,44%,52%,4%
VA,Education,2942,Some college,31%,44%,51%,5%
VA,Education,2942,College graduate,31%,51%,44%,5%
VA,Education,2942,Postgraduate,23%,61%,33%,6%
VA,Are you a college graduate?,2942,Yes,54%,55%,39%,6%
VA,Are you a college graduate?,2942,No,46%,44%,51%,5%
VA,Education and race,2942,White college graduates,38%,45%,49%,6%
VA,Education and race,2942,Whites no degree,29%,24%,71%,5%
VA,Education and race,2942,Non-whites college grads,16%,78%,17%,5%
VA,Education and race,2942,Non-whites no degree,16%,81%,16%,3%
VA,Education among whites by sex,2942,White college-grad women,21%,50%,44%,6%
VA,Education among whites by sex,2942,White non-college women,15%,29%,66%,5%
VA,Education among whites by sex,2942,White college-grad men,17%,40%,54%,6%
VA,Education among whites by sex,2942,White non-college men,15%,19%,75%,6%
VA,Education among whites by sex,2942,Non-whites,33%,79%,16%,5%
VA,Income,2942,"Under $30,000",13%,53%,41%,2%,1%,3%
VA,Income,2942,"$30K-$49,999",17%,53%,41%,5%,0%,1%
VA,Income,2942,"$50K-$99,999",30%,47%,49%,2%,0%,2%
VA,Income,2942,"$100K-$199,999",26%,50%,45%,4%,0%,1%
VA,Income,2942,"$200K-$249,999",5%,N/A,N/A,N/A,N/A,N/A
VA,Income,2942,"$250,000 or more",8%,N/A,N/A,N/A,N/A,N/A
VA,Income,2942,Under $50K,30%,53%,41%,6%
VA,Income,2942,$50K-$100K,30%,47%,49%,4%
VA,Income,2942,$100K or more,40%,51%,44%,5%
VA,Income,2942,Under $50K,30%,53%,41%,6%
VA,Income,2942,$50K or more,70%,49%,46%,5%
VA,Income,2942,Under $100K,60%,50%,45%,5%
VA,Income,2942,$100K or more,40%,51%,44%,5%
VA,Party ID,2942,Democrats,40%,92%,6%,1%,0%,1%
VA,Party ID,2942,Republicans,33%,6%,88%,3%,0%,3%
VA,Party ID,2942,Independents,26%,43%,48%,6%,2%,1%
VA,Party by gender,2942,Democratic men,15%,93%,5%,1%,0%,1%
VA,Party by gender,2942,Democratic women,25%,91%,6%,1%,1%,1%
VA,Party by gender,2942,Republican men,18%,4%,89%,4%,0%,3%
VA,Party by gender,2942,Republican women,15%,8%,87%,3%,0%,2%
VA,Party by gender,2942,Independent men,14%,42%,50%,7%,1%,N/A
VA,Party by gender,2942,Independent women,13%,44%,45%,5%,3%,3%
VA,Ideology,2942,Liberal,26%,85%,11%,4%
VA,Ideology,2942,Moderate,40%,58%,36%,6%
VA,Ideology,2942,Conservative,33%,12%,83%,5%
VA,White born-again or evangelical Christian?,2942,Yes,25%,14%,80%,6%
VA,White born-again or evangelical Christian?,2942,No,75%,59%,35%,6%
VA,How often do you attend religious services?,2942,Weekly or more,34%,42%,53%,4%,0%,1%
VA,How often do you attend religious services?,2942,Monthly,18%,49%,45%,5%,N/A,1%
VA,How often do you attend religious services?,2942,Few times a year,29%,49%,47%,2%,1%,1%
VA,How often do you attend religious services?,2942,Never,19%,60%,33%,4%,2%,1%
VA,How often do you attend religious services?,2942,Monthly or more,53%,44%,50%,6%
VA,How often do you attend religious services?,2942,Less often than that,47%,53%,41%,6%
VA,Marital status,2942,Married,59%,44%,52%,3%,0%,1%
VA,Marital status,2942,Unmarried,41%,54%,36%,5%,2%,3%
VA,Marital status by gender,2942,Married men,29%,40%,56%,3%,N/A,1%
VA,Marital status by gender,2942,Married women,30%,47%,48%,2%,1%,2%
VA,Marital status by gender,2942,Unmarried men,17%,46%,42%,7%,2%,3%
VA,Marital status by gender,2942,Unmarried women,23%,61%,32%,4%,2%,1%
VA,Served in the U.S. military,2942,Veterans,15%,48%,48%,4%
VA,Served in the U.S. military,2942,Non-veterans,85%,52%,43%,5%
VA,Does anyone in your household own a gun?,2942,Yes,50%,36%,59%,5%
VA,Does anyone in your household own a gun?,2942,No,50%,68%,28%,4%
VA,When did you decide presidential vote?,2942,Last few days,10%,N/A,N/A,N/A
VA,When did you decide presidential vote?,2942,Last week,4%,N/A,N/A,N/A
VA,When did you decide presidential vote?,2942,In October,10%,N/A,N/A,N/A
VA,When did you decide presidential vote?,2942,In September,9%,N/A,N/A,N/A
VA,When did you decide presidential vote?,2942,Before September,66%,53%,44%,3%
VA,When did you decide presidential vote?,2942,In the last week,14%,45%,42%,6%,2%,5%
VA,When did you decide presidential vote?,2942,Before that,85%,51%,46%,2%,0%,1%
VA,When did you decide presidential vote?,2942,In the last month,23%,42%,48%,5%,1%,4%
VA,When did you decide presidential vote?,2942,Before that,76%,52%,44%,2%,0%,2%
VA,Opinion of presidential candidate you voted for,2942,Strongly favor ,47%,59%,38%,2%,1%,N/A
VA,Opinion of presidential candidate you voted for,2942,Have reservations,34%,43%,55%,2%,1%,N/A
VA,Opinion of presidential candidate you voted for,2942,Dislike opponents,17%,33%,47%,14%,3%,3%
VA,Most important issue facing the country,2942,Foreign policy,11%,67%,26%,6%,N/A,1%
VA,Most important issue facing the country,2942,Immigration,10%,27%,68%,2%,1%,2%
VA,Most important issue facing the country,2942,Economy,56%,52%,41%,4%,1%,2%
VA,Most important issue facing the country,2942,Terrorism,20%,45%,53%,1%,0%,1%
VA,Which candidate quality mattered most?,2942,Cares about me,12%,61%,27%,6%,4%,2%
VA,Which candidate quality mattered most?,2942,Can bring change,41%,15%,81%,3%,1%,N/A
VA,Which candidate quality mattered most?,2942,Right experience,24%,89%,8%,2%,N/A,1%
VA,Which candidate quality mattered most?,2942,Good judgment,20%,66%,26%,5%,0%,3%
VA,Illegal immigrants working in the U.S. should be:,2942,Offered legal status,73%,65%,30%,5%
VA,Illegal immigrants working in the U.S. should be:,2942,Deported to home country,24%,12%,85%,3%
VA,Do you think immigrants to the U.S. today:,2942,Help the country,60%,73%,21%,6%
VA,Do you think immigrants to the U.S. today:,2942,Hurt the country,35%,18%,80%,2%
VA,Effect of international trade,2942,Creates U.S. jobs,41%,65%,30%,5%
VA,Effect of international trade,2942,Takes away U.S. jobs,46%,37%,59%,4%
VA,Effect of international trade,2942,Does not affect jobs,10%,N/A,N/A,N/A
VA,Does the country's criminal justice system:,2942,Treat all fairly,45%,21%,75%,4%
VA,Does the country's criminal justice system:,2942,Treat blacks unfairly,48%,83%,13%,4%
VA,How do things work in the U.S. today?,2942,Whites are favored,44%,82%,13%,5%
VA,How do things work in the U.S. today?,2942,Minorities are favored,21%,10%,87%,3%
VA,How do things work in the U.S. today?,2942,No group is favored,32%,39%,56%,5%
VA,View on Obamacare,2942,Did not go far enough,27%,84%,13%,3%
VA,View on Obamacare,2942,Was about right,22%,90%,7%,3%
VA,View on Obamacare,2942,Went too far,47%,14%,80%,6%
VA,Views on stricter gun control measures,2942,Support,56%,79%,17%,2%,1%,1%
VA,Views on stricter gun control measures,2942,Oppose,41%,16%,78%,5%,0%,1%
VA,Feelings about the federal government,2942,Enthusiastic,6%,N/A,N/A,N/A,N/A,N/A
VA,Feelings about the federal government,2942,Satisfied,30%,78%,18%,3%,1%,N/A
VA,Feelings about the federal government,2942,Dissatisfied,42%,41%,52%,4%,1%,2%
VA,Feelings about the federal government,2942,Angry,20%,14%,79%,5%,2%,N/A
VA,Feelings about the federal government,2942,Enthusiastic/Satisfied,36%,78%,18%,3%,0%,1%
VA,Feelings about the federal government,2942,Dissatisfied/Angry,62%,32%,60%,5%,1%,2%
VA,Opinion of Barack Obama as president,2942,Strongly approve,38%,95%,3%,2%,0%,N/A
VA,Opinion of Barack Obama as president,2942,Somewhat approve,17%,64%,21%,10%,1%,4%
VA,Opinion of Barack Obama as president,2942,Somewhat disapprove,13%,N/A,N/A,N/A,N/A,N/A
VA,Opinion of Barack Obama as president,2942,Strongly disapprove,32%,2%,96%,1%,0%,1%
VA,Opinion of Barack Obama as president,2942,Approve,54%,86%,8%,6%
VA,Opinion of Barack Obama as president,2942,Disapprove,45%,8%,89%,3%
VA,Should the next president:,2942,Continue Obama's policies,34%,92%,4%,1%,1%,2%
VA,Should the next president:,2942,Be more conservative,48%,15%,79%,4%,0%,2%
VA,Should the next president:,2942,Be more liberal,13%,59%,30%,7%,4%,N/A
VA,Opinion of Hillary Clinton,2942,Favorable,46%,97%,2%,1%,0%,N/A
VA,Opinion of Hillary Clinton,2942,Unfavorable,54%,11%,82%,5%,1%,1%
VA,Opinion of Donald Trump,2942,Favorable,37%,3%,96%,N/A,0%,1%
VA,Opinion of Donald Trump,2942,Unfavorable,61%,80%,13%,5%,1%,1%
VA,Opinion of Clinton and Trump,2942,Both favorable,1%,N/A,N/A,N/A,N/A,N/A
VA,Opinion of Clinton and Trump,2942,Only Clinton favorable,45%,98%,1%,1%,N/A,N/A
VA,Opinion of Clinton and Trump,2942,Only Trump favorable,36%,1%,99%,N/A,N/A,N/A
VA,Opinion of Clinton and Trump,2942,Both unfavorable,17%,32%,44%,15%,2%,7%
VA,Opinion of Tim Kaine,2942,Favorable,49%,88%,8%,4%
VA,Opinion of Tim Kaine,2942,Unfavorable,47%,14%,83%,3%
VA,Is Hillary Clinton honest and trustworthy?,2942,Yes,39%,93%,6%,1%,N/A,N/A
VA,Is Hillary Clinton honest and trustworthy?,2942,No,58%,17%,73%,6%,2%,2%
VA,Is Donald Trump honest and trustworthy?,2942,Yes,35%,5%,93%,2%,N/A,N/A
VA,Is Donald Trump honest and trustworthy?,2942,No,62%,74%,18%,5%,2%,1%
VA,Which candidate is honest?,2942,Both are,2%,N/A,N/A,N/A,N/A,N/A
VA,Which candidate is honest?,2942,Only Clinton is,37%,96%,4%,0%,N/A,N/A
VA,Which candidate is honest?,2942,Only Trump is,33%,2%,97%,2%,N/A,N/A
VA,Which candidate is honest?,2942,Neither is,24%,39%,40%,12%,4%,5%
VA,Is Clinton qualified to serve as president?,2942,Yes,52%,93%,4%,3%
VA,Is Clinton qualified to serve as president?,2942,No,47%,5%,90%,5%
VA,Is Trump qualified to serve as president?,2942,Yes,36%,3%,97%,N/A
VA,Is Trump qualified to serve as president?,2942,No,62%,80%,14%,6%
VA,Who is qualified to serve as president?,2942,Both are,2%,N/A,N/A,N/A
VA,Who is qualified to serve as president?,2942,Only Clinton is,50%,95%,2%,3%
VA,Who is qualified to serve as president?,2942,Only Trump is,35%,2%,98%,N/A
VA,Who is qualified to serve as president?,2942,Neither is,12%,N/A,N/A,N/A
VA,Does Clinton have the temperament to be president?,2942,Yes,54%,84%,12%,3%,1%,N/A
VA,Does Clinton have the temperament to be president?,2942,No,43%,4%,87%,5%,1%,3%
VA,Does Trump have the temperament to be president?,2942,Yes,34%,2%,95%,2%,0%,1%
VA,Does Trump have the temperament to be president?,2942,No,63%,75%,17%,5%,1%,2%
VA,Which candidate has the right temperament?,2942,Both do,3%,N/A,N/A,N/A
VA,Which candidate has the right temperament?,2942,Only Clinton does,51%,88%,7%,5%
VA,Which candidate has the right temperament?,2942,Only Trump does,31%,2%,96%,2%
VA,Which candidate has the right temperament?,2942,Neither does,11%,N/A,N/A,N/A
VA,Does Clinton's use of private email bother you:,2942,A lot,43%,6%,88%,6%
VA,Does Clinton's use of private email bother you:,2942,Some,19%,76%,16%,8%
VA,Does Clinton's use of private email bother you:,2942,Not much,20%,90%,8%,2%
VA,Does Clinton's use of private email bother you:,2942,Not at all,17%,93%,4%,3%
VA,Does Clinton's use of private email bother you?,2942,Yes,62%,27%,66%,7%
VA,Does Clinton's use of private email bother you?,2942,No,37%,92%,7%,1%
VA,Does Donald Trump's treatment of women bother you:,2942,A lot,52%,85%,9%,6%
VA,Does Donald Trump's treatment of women bother you:,2942,Some,20%,24%,71%,5%
VA,Does Donald Trump's treatment of women bother you:,2942,Not much,15%,7%,90%,3%
VA,Does Donald Trump's treatment of women bother you:,2942,Not at all,11%,N/A,N/A,N/A
VA,Does Donald Trump's treatment of women bother you?,2942,Yes,72%,68%,26%,6%
VA,Does Donald Trump's treatment of women bother you?,2942,No,26%,6%,92%,2%
VA,Who would better handle the economy?,2942,Clinton,51%,93%,2%,5%
VA,Who would better handle the economy?,2942,Trump,47%,7%,90%,3%
VA,Who would better handle foreign policy?,2942,Clinton,60%,83%,12%,5%
VA,Who would better handle foreign policy?,2942,Trump,37%,2%,95%,3%
VA,Who would be a better commander in chief?,2942,Clinton,56%,88%,7%,5%
VA,Who would be a better commander in chief?,2942,Trump,42%,2%,96%,2%
VA,Condition of national economy,2942,Excellent,4%,N/A,N/A,N/A,N/A,N/A
VA,Condition of national economy,2942,Good,38%,79%,16%,3%,1%,1%
VA,Condition of national economy,2942,Not good,42%,32%,60%,5%,1%,2%
VA,Condition of national economy,2942,Poor,15%,7%,88%,4%,1%,N/A
VA,Condition of national economy,2942,Good,42%,80%,15%,5%
VA,Condition of national economy,2942,Poor,57%,25%,68%,7%
VA,U.S. economic system generally:,2942,Favors the wealthy,66%,56%,37%,7%
VA,U.S. economic system generally:,2942,Is fair to most Americans,30%,33%,62%,5%
VA,Financial situation compared to four years ago:,2942,Better today,39%,75%,20%,5%
VA,Financial situation compared to four years ago:,2942,Worse today,27%,22%,75%,3%
VA,Financial situation compared to four years ago:,2942,About the same,34%,45%,48%,7%
VA,Life for the next generation of Americans will be:,2942,Better than today,46%,62%,36%,2%
VA,Life for the next generation of Americans will be:,2942,Worse than today,24%,25%,70%,5%
VA,Life for the next generation of Americans will be:,2942,About the same,28%,59%,35%,6%
VA,Which best describes you?,2942,Moved to VA since 2006,14%,N/A,N/A,N/A
VA,Which best describes you?,2942,Moved to VA before 2006,43%,53%,42%,5%
VA,Which best describes you?,2942,Born in Virginia,43%,44%,52%,4%
VA,Which better describes you?,2942,Born in Virginia,43%,44%,52%,4%
VA,Which better describes you?,2942,Moved to Virginia,56%,56%,39%,5%
VA,Vote for president in a two-way race,2942,Clinton,52%,95%,2%,3%
VA,Vote for president in a two-way race,2942,Trump,42%,0%,98%,2%
VA,Vote for president in a two-way race,2942,Would not vote,5%,N/A,N/A,N/A
VA,Area type,2942,Urban area,30%,59%,34%,7%
VA,Area type,2942,Suburban area,51%,47%,48%,5%
VA,Area type,2942,Rural area,19%,41%,56%,3%
VA,Region,2942,D.C. Suburbs,19%,68%,27%,5%
VA,Region,2942,N. Virginia Exurbs,17%,48%,46%,6%
VA,Region,2942,Central / West,21%,31%,64%,5%
VA,Region,2942,Richmond / East,25%,50%,44%,6%
VA,Region,2942,Tidewater,18%,53%,42%,5%
